 	Task	Responder	sender_entity	sender_name	recipient	block	tool_type	tool	content
 	IntroWriterAgent	Entity.USER	Entity.USER	IntroWriterAgent		None			Write a natural introduction message to user_1 about meeting user_2: user_1's Pr...3. Suggests a natural next step Keep it under 50 words and make it feel genuine.
 	IntroWriterAgent	Entity.USER	Entity.USER	IntroWriterAgent		None			Write a natural introduction message to user_2 about meeting user_1: user_2's Pr...3. Suggests a natural next step Keep it under 50 words and make it feel genuine.
 	IntroWriterAgent	Entity.USER	Entity.USER	IntroWriterAgent		None			Write a natural introduction message to user_2 about meeting user_1: user_2's Pr...3. Suggests a natural next step Keep it under 50 words and make it feel genuine.
 	IntroWriterAgent	Entity.USER	Entity.USER	Entity.USER		None			[CANNOT RESPOND]
 	IntroWriterAgent	Entity.USER	Entity.USER	Entity.USER		None			[CANNOT RESPOND]
 	IntroWriterAgent	Entity.USER	Entity.USER	Entity.USER		None			[CANNOT RESPOND]
 	IntroWriterAgent	Entity.AGENT	Entity.USER			None			
 	IntroWriterAgent	Entity.AGENT	Entity.USER			None			
 	IntroWriterAgent	Entity.AGENT	Entity.USER			None			
*	IntroWriterAgent	Entity.LLM	Entity.LLM			None			Hello, I noticed you're both in the main hall with some time to spare. How about...ions or share experiences from TechConf 2024. Interested? Best, IntroWriterAgent
 	IntroWriterAgent	Entity.USER	Entity.USER	IntroWriterAgent		None			Write a natural introduction message to user_2 about meeting user_1: user_2's Pr...3. Suggests a natural next step Keep it under 50 words and make it feel genuine.
 	IntroWriterAgent	Entity.USER	Entity.USER	Entity.USER		None			[CANNOT RESPOND]
 	IntroWriterAgent	Entity.AGENT	Entity.USER			None			
*	IntroWriterAgent	Entity.LLM	Entity.LLM			None			Hi there, As a fellow baker in the main hall, I thought you'd enjoy meeting user...ssing consumer applications or swapping TechConf 2024 stories? Best, [Your Name]
 	IntroWriterAgent	Entity.USER	Entity.USER	IntroWriterAgent		None			Write a natural introduction message to user_1 about meeting user_2: user_1's Pr...3. Suggests a natural next step Keep it under 50 words and make it feel genuine.
 	IntroWriterAgent	Entity.USER	Entity.USER	Entity.USER		None			[CANNOT RESPOND]
 	IntroWriterAgent	Entity.AGENT	Entity.USER			None			
*	IntroWriterAgent	Entity.LLM	Entity.LLM			None			Hello there, I noticed that you and user_1 are both talented bakers currently in...r sharing experiences from TechConf 2024 over a cup of coffee? Best, [Your Name]
 	IntroWriterAgent	Entity.USER	Entity.USER	IntroWriterAgent		None			Write a natural introduction message to user_1 about meeting user_2: user_1's Pr...3. Suggests a natural next step Keep it under 50 words and make it feel genuine.
 	IntroWriterAgent	Entity.USER	Entity.USER	Entity.USER		None			[CANNOT RESPOND]
 	IntroWriterAgent	Entity.AGENT	Entity.USER			None			
 	IntroWriterAgent	Entity.USER	Entity.USER	IntroWriterAgent		None			Write a natural introduction message to user_2 about meeting user_1: user_2's Pr...3. Suggests a natural next step Keep it under 50 words and make it feel genuine.
 	IntroWriterAgent	Entity.USER	Entity.USER	Entity.USER		None			[CANNOT RESPOND]
 	IntroWriterAgent	Entity.AGENT	Entity.USER			None			
*	IntroWriterAgent	Entity.LLM	Entity.LLM			None			Hello there, I noticed that you and user_1 are both talented bakers currently in...r sharing experiences from TechConf 2024 over a cup of coffee? Best, [Your Name]
 	IntroWriterAgent	Entity.USER	Entity.USER	IntroWriterAgent		None			Write a natural introduction message to user_1 about meeting user_2: user_1's Pr...3. Suggests a natural next step Keep it under 50 words and make it feel genuine.
 	IntroWriterAgent	Entity.USER	Entity.USER	Entity.USER		None			[CANNOT RESPOND]
 	IntroWriterAgent	Entity.AGENT	Entity.USER			None			
*	IntroWriterAgent	Entity.LLM	Entity.LLM			None			Hello user_2, I noticed you're both at the expo hall with some time to spare. As...bing a coffee and comparing your experiences at TechConf 2024? Best, [Your Name]
*	IntroWriterAgent	Entity.LLM	Entity.LLM			None			Hi there, As a fellow baker in the networking lounge, I thought you'd appreciate...applications or your experiences at TechConf 2024? Looking forward to your chat!
*	IntroWriterAgent	Entity.LLM	Entity.LLM			None			Hello there, As a fellow baker in the main hall, I thought you might be interest...tions or share experiences from TechConf 2024? Looking forward to your response.
 	IntroWriterAgent	Entity.USER	Entity.USER	IntroWriterAgent		None			Write a natural introduction message to user_2 about meeting user_1: user_2's Pr...3. Suggests a natural next step Keep it under 50 words and make it feel genuine.
 	IntroWriterAgent	Entity.USER	Entity.USER	Entity.USER		None			[CANNOT RESPOND]
 	IntroWriterAgent	Entity.AGENT	Entity.USER			None			
*	IntroWriterAgent	Entity.LLM	Entity.LLM			None			Hello there, I noticed that you and user_1 are both talented bakers currently in...r sharing experiences from TechConf 2024 over a cup of coffee? Best, [Your Name]
 	IntroWriterAgent	Entity.USER	Entity.USER	IntroWriterAgent		None			Write a natural introduction message to user_1 about meeting user_2: user_1's Pr...3. Suggests a natural next step Keep it under 50 words and make it feel genuine.
 	IntroWriterAgent	Entity.USER	Entity.USER	Entity.USER		None			[CANNOT RESPOND]
 	IntroWriterAgent	Entity.AGENT	Entity.USER			None			
*	IntroWriterAgent	Entity.LLM	Entity.LLM			None			Hello there, As a fellow baker in the main hall, I thought you might be interest...tions or share experiences from TechConf 2024? Looking forward to your response.
*	IntroWriterAgent	Entity.LLM	Entity.LLM			None			Hi there, fellow baker! I noticed you're also in the main hall and we have about...two could discuss consumer applications or share experiences from TechConf 2024?
 	IntroWriterAgent	Entity.USER	Entity.USER	IntroWriterAgent		None			Write a natural introduction message to user_2 about meeting user_1: user_2's Pr...3. Suggests a natural next step Keep it under 50 words and make it feel genuine.
 	IntroWriterAgent	Entity.USER	Entity.USER	Entity.USER		None			[CANNOT RESPOND]
 	IntroWriterAgent	Entity.AGENT	Entity.USER			None			
 	IntroWriterAgent	Entity.USER	Entity.USER	IntroWriterAgent		None			Write a natural introduction message to user_2 about meeting user_1: user_2's Pr...3. Suggests a natural next step Keep it under 50 words and make it feel genuine.
 	IntroWriterAgent	Entity.USER	Entity.USER	Entity.USER		None			[CANNOT RESPOND]
 	IntroWriterAgent	Entity.AGENT	Entity.USER			None			
*	IntroWriterAgent	Entity.LLM	Entity.LLM			None			Hi there, I noticed you're both in the networking lounge with a bit of time to s...ng consumer applications or your experiences at TechConf 2024? Best, [Your Name]
 	IntroWriterAgent	Entity.USER	Entity.USER	IntroWriterAgent		None			Write a natural introduction message to user_1 about meeting user_2: user_1's Pr...3. Suggests a natural next step Keep it under 50 words and make it feel genuine.
 	IntroWriterAgent	Entity.USER	Entity.USER	Entity.USER		None			[CANNOT RESPOND]
 	IntroWriterAgent	Entity.AGENT	Entity.USER			None			
*	IntroWriterAgent	Entity.LLM	Entity.LLM			None			Hi there, As a fellow baker in the networking lounge, I thought you'd appreciate...applications or your experiences at TechConf 2024? Looking forward to your chat!
*	IntroWriterAgent	Entity.LLM	Entity.LLM			None			Hi there, I noticed you're both in the networking lounge with some time to spare...hConf 2024 experiences? Let me know if you're interested. Best, IntroWriterAgent
 	IntroWriterAgent	Entity.USER	Entity.USER	IntroWriterAgent		None			Write a natural introduction message to user_1 about meeting user_2: user_1's Pr...3. Suggests a natural next step Keep it under 50 words and make it feel genuine.
 	IntroWriterAgent	Entity.USER	Entity.USER	Entity.USER		None			[CANNOT RESPOND]
 	IntroWriterAgent	Entity.AGENT	Entity.USER			None			
*	IntroWriterAgent	Entity.LLM	Entity.LLM			None			Hi there, As a fellow baker in the networking lounge, I thought you'd appreciate...applications or your experiences at TechConf 2024? Looking forward to your chat!
 	IntroWriterAgent	Entity.USER	Entity.USER	IntroWriterAgent		None			Write a natural introduction message to user_2 about meeting user_1: user_2's Pr...3. Suggests a natural next step Keep it under 50 words and make it feel genuine.
 	IntroWriterAgent	Entity.USER	Entity.USER	Entity.USER		None			[CANNOT RESPOND]
 	IntroWriterAgent	Entity.AGENT	Entity.USER			None			
*	IntroWriterAgent	Entity.LLM	Entity.LLM			None			Hi there, I noticed you're both in the networking lounge with some time to spare...hConf 2024 experiences? Let me know if you're interested. Best, IntroWriterAgent
 	IntroWriterAgent	Entity.USER	Entity.USER	IntroWriterAgent		None			Write a natural introduction message to user_1 about meeting user_2: user_1's Pr...3. Suggests a natural next step Keep it under 50 words and make it feel genuine.
 	IntroWriterAgent	Entity.USER	Entity.USER	Entity.USER		None			[CANNOT RESPOND]
 	IntroWriterAgent	Entity.AGENT	Entity.USER			None			
*	IntroWriterAgent	Entity.LLM	Entity.LLM			None			Hi there, As a fellow baker in the networking lounge, I thought you'd appreciate...applications or your experiences at TechConf 2024? Looking forward to your chat!
 	IntroWriterAgent	Entity.USER	Entity.USER	IntroWriterAgent		None			Write a natural introduction message to user_1 about meeting user_2: user_1's Pr...3. Suggests a natural next step Keep it under 50 words and make it feel genuine.
 	IntroWriterAgent	Entity.USER	Entity.USER	Entity.USER		None			[CANNOT RESPOND]
 	IntroWriterAgent	Entity.AGENT	Entity.USER			None			
*	IntroWriterAgent	Entity.LLM	Entity.LLM			None			Hi there, As a fellow baker currently in the expo hall, I thought you might be i...mer applications or share experiences from TechConf 2024? Let's connect you two.
 	IntroWriterAgent	Entity.USER	Entity.USER	IntroWriterAgent		None			Write a natural introduction message to user_2 about meeting user_1: user_2's Pr...3. Suggests a natural next step Keep it under 50 words and make it feel genuine.
 	IntroWriterAgent	Entity.USER	Entity.USER	Entity.USER		None			[CANNOT RESPOND]
 	IntroWriterAgent	Entity.AGENT	Entity.USER			None			
*	IntroWriterAgent	Entity.LLM	Entity.LLM			None			Hello user_2, I noticed you're both at the expo hall with some time to spare. As...bing a coffee and comparing your experiences at TechConf 2024? Best, [Your Name]
 	IntroWriterAgent	Entity.USER	Entity.USER	IntroWriterAgent		None			Write a natural introduction message to user_2 about meeting user_1: user_2's Pr...3. Suggests a natural next step Keep it under 50 words and make it feel genuine.
 	IntroWriterAgent	Entity.USER	Entity.USER	Entity.USER		None			[CANNOT RESPOND]
 	IntroWriterAgent	Entity.AGENT	Entity.USER			None			
 	IntroWriterAgent	Entity.USER	Entity.USER	IntroWriterAgent		None			Write a natural introduction message to user_2 about meeting user_1: user_2's Pr...3. Suggests a natural next step Keep it under 50 words and make it feel genuine.
 	IntroWriterAgent	Entity.USER	Entity.USER	Entity.USER		None			[CANNOT RESPOND]
 	IntroWriterAgent	Entity.AGENT	Entity.USER			None			
*	IntroWriterAgent	Entity.LLM	Entity.LLM			None			Hi there, I noticed you're both at the expo hall with some time to spare. How ab...lications or share experiences from TechConf 2024. Interested? Best, [Your Name]
 	IntroWriterAgent	Entity.USER	Entity.USER	IntroWriterAgent		None			Write a natural introduction message to user_1 about meeting user_2: user_1's Pr...3. Suggests a natural next step Keep it under 50 words and make it feel genuine.
 	IntroWriterAgent	Entity.USER	Entity.USER	Entity.USER		None			[CANNOT RESPOND]
 	IntroWriterAgent	Entity.AGENT	Entity.USER			None			
 	IntroWriterAgent	Entity.USER	Entity.USER	IntroWriterAgent		None			Write a natural introduction message to user_2 about meeting user_1: user_2's Pr...3. Suggests a natural next step Keep it under 50 words and make it feel genuine.
 	IntroWriterAgent	Entity.USER	Entity.USER	Entity.USER		None			[CANNOT RESPOND]
 	IntroWriterAgent	Entity.AGENT	Entity.USER			None			
*	IntroWriterAgent	Entity.LLM	Entity.LLM			None			Hi there, I noticed you're both talented bakers in the same expo hall with some ...cations or sharing your TechConf 2024 experiences? Looking forward to your chat!
 	IntroWriterAgent	Entity.USER	Entity.USER	IntroWriterAgent		None			Write a natural introduction message to user_2 about meeting user_1: user_2's Pr...3. Suggests a natural next step Keep it under 50 words and make it feel genuine.
 	IntroWriterAgent	Entity.USER	Entity.USER	Entity.USER		None			[CANNOT RESPOND]
 	IntroWriterAgent	Entity.AGENT	Entity.USER			None			
*	IntroWriterAgent	Entity.LLM	Entity.LLM			None			Hi there, I noticed you're both at the expo hall with some time to spare. How ab...lications or share experiences from TechConf 2024. Interested? Best, [Your Name]
*	IntroWriterAgent	Entity.LLM	Entity.LLM			None			Hi there, I noticed you're both at the expo hall with a bit of time to spare. Ho...hConf 2024 experiences? Let me know if you're interested. Best, IntroWriterAgent
 	IntroWriterAgent	Entity.USER	Entity.USER	IntroWriterAgent		None			Write a natural introduction message to user_1 about meeting user_2: user_1's Pr...3. Suggests a natural next step Keep it under 50 words and make it feel genuine.
 	IntroWriterAgent	Entity.USER	Entity.USER	Entity.USER		None			[CANNOT RESPOND]
 	IntroWriterAgent	Entity.AGENT	Entity.USER			None			
 	IntroWriterAgent	Entity.USER	Entity.USER	IntroWriterAgent		None			Write a natural introduction message to user_1 about meeting user_2: user_1's Pr...3. Suggests a natural next step Keep it under 50 words and make it feel genuine.
 	IntroWriterAgent	Entity.USER	Entity.USER	Entity.USER		None			[CANNOT RESPOND]
 	IntroWriterAgent	Entity.AGENT	Entity.USER			None			
*	IntroWriterAgent	Entity.LLM	Entity.LLM			None			Hi there, I noticed you're both talented bakers in the same expo hall with some ...cations or sharing your TechConf 2024 experiences? Looking forward to your chat!
*	IntroWriterAgent	Entity.LLM	Entity.LLM			None			Hi there, I noticed you're both talented bakers in the same expo hall with some ...cations or sharing your TechConf 2024 experiences? Looking forward to your chat!
 	IntroWriterAgent	Entity.USER	Entity.USER	IntroWriterAgent		None			Write a natural introduction message to user_1 about meeting user_2: user_1's Pr...3. Suggests a natural next step Keep it under 50 words and make it feel genuine.
 	IntroWriterAgent	Entity.USER	Entity.USER	Entity.USER		None			[CANNOT RESPOND]
 	IntroWriterAgent	Entity.AGENT	Entity.USER			None			
*	IntroWriterAgent	Entity.LLM	Entity.LLM			None			Hi there, As a fellow baker currently in the expo hall, I thought you might be i...mer applications or share experiences from TechConf 2024? Let's connect you two.
 	IntroWriterAgent	Entity.USER	Entity.USER	IntroWriterAgent		None			Write a natural introduction message to user_2 about meeting user_1: user_2's Pr...3. Suggests a natural next step Keep it under 50 words and make it feel genuine.
 	IntroWriterAgent	Entity.USER	Entity.USER	Entity.USER		None			[CANNOT RESPOND]
 	IntroWriterAgent	Entity.AGENT	Entity.USER			None			
*	IntroWriterAgent	Entity.LLM	Entity.LLM			None			Hello user_2, I noticed you're both at the expo hall with some time to spare. As...bing a coffee and comparing your experiences at TechConf 2024? Best, [Your Name]
 	IntroWriterAgent	Entity.USER	Entity.USER	IntroWriterAgent		None			Write a natural introduction message to user_2 about meeting user_1: user_2's Pr...3. Suggests a natural next step Keep it under 50 words and make it feel genuine.
 	IntroWriterAgent	Entity.USER	Entity.USER	Entity.USER		None			[CANNOT RESPOND]
 	IntroWriterAgent	Entity.AGENT	Entity.USER			None			
*	IntroWriterAgent	Entity.LLM	Entity.LLM			None			Hi there, I noticed you're both at the expo hall with a bit of time to spare. Ho...hConf 2024 experiences? Let me know if you're interested. Best, IntroWriterAgent
 	IntroWriterAgent	Entity.USER	Entity.USER	IntroWriterAgent		None			Write a natural introduction message to user_1 about meeting user_2: user_1's Pr...3. Suggests a natural next step Keep it under 50 words and make it feel genuine.
 	IntroWriterAgent	Entity.USER	Entity.USER	Entity.USER		None			[CANNOT RESPOND]
 	IntroWriterAgent	Entity.AGENT	Entity.USER			None			
*	IntroWriterAgent	Entity.LLM	Entity.LLM			None			Hi there, I noticed you're both talented bakers in the same expo hall with some ...cations or sharing your TechConf 2024 experiences? Looking forward to your chat!
 	IntroWriterAgent	Entity.USER	Entity.USER	IntroWriterAgent		None			Write a natural introduction message to user_2 about meeting user_1: user_2's Pr...3. Suggests a natural next step Keep it under 50 words and make it feel genuine.
 	IntroWriterAgent	Entity.USER	Entity.USER	Entity.USER		None			[CANNOT RESPOND]
 	IntroWriterAgent	Entity.AGENT	Entity.USER			None			
 	IntroWriterAgent	Entity.USER	Entity.USER	IntroWriterAgent		None			Write a natural introduction message to user_2 about meeting user_1: user_2's Pr...3. Suggests a natural next step Keep it under 50 words and make it feel genuine.
 	IntroWriterAgent	Entity.USER	Entity.USER	Entity.USER		None			[CANNOT RESPOND]
 	IntroWriterAgent	Entity.AGENT	Entity.USER			None			
*	IntroWriterAgent	Entity.LLM	Entity.LLM			None			Hi there, I noticed you're both in the networking lounge with some time to spare...hConf 2024 experiences? Let me know if you're interested. Best, IntroWriterAgent
 	IntroWriterAgent	Entity.LLM	Entity.LLM	Entity.LLM		None			[CANNOT RESPOND]
*	IntroWriterAgent	Entity.LLM	Entity.LLM			None			Hi there, I noticed you're both in the networking lounge with some time to spare...hConf 2024 experiences? Let me know if you're interested. Best, IntroWriterAgent
 	IntroWriterAgent	Entity.USER	Entity.USER	IntroWriterAgent		None			Write a natural introduction message to user_1 about meeting user_2: user_1's Pr...3. Suggests a natural next step Keep it under 50 words and make it feel genuine.
 	IntroWriterAgent	Entity.USER	Entity.USER	IntroWriterAgent		None			Write a natural introduction message to user_1 about meeting user_2: user_1's Pr...3. Suggests a natural next step Keep it under 50 words and make it feel genuine.
 	IntroWriterAgent	Entity.USER	Entity.USER	Entity.USER		None			[CANNOT RESPOND]
 	IntroWriterAgent	Entity.AGENT	Entity.USER			None			
 	IntroWriterAgent	Entity.USER	Entity.USER	Entity.USER		None			[CANNOT RESPOND]
 	IntroWriterAgent	Entity.AGENT	Entity.USER			None			
*	IntroWriterAgent	Entity.LLM	Entity.LLM			None			Hi there, As a fellow baker in the networking lounge, I thought you'd appreciate...applications or your experiences at TechConf 2024? Looking forward to your chat!
*	IntroWriterAgent	Entity.LLM	Entity.LLM			None			Hi there, As a fellow baker in the networking lounge, I thought you'd appreciate...applications or your experiences at TechConf 2024? Looking forward to your chat!
 	IntroWriterAgent	Entity.USER	Entity.USER	IntroWriterAgent		None			Write a natural introduction message to user_1 about meeting user_2: user_1's Pr...3. Suggests a natural next step Keep it under 50 words and make it feel genuine.
 	IntroWriterAgent	Entity.USER	Entity.USER	Entity.USER		None			[CANNOT RESPOND]
 	IntroWriterAgent	Entity.AGENT	Entity.USER			None			
*	IntroWriterAgent	Entity.LLM	Entity.LLM			None			Hi there, As a fellow baker currently in the expo hall, I thought you might be i...mer applications or share experiences from TechConf 2024? Let's connect you two.
 	IntroWriterAgent	Entity.USER	Entity.USER	IntroWriterAgent		None			Write a natural introduction message to user_2 about meeting user_1: user_2's Pr...3. Suggests a natural next step Keep it under 50 words and make it feel genuine.
 	IntroWriterAgent	Entity.USER	Entity.USER	Entity.USER		None			[CANNOT RESPOND]
 	IntroWriterAgent	Entity.AGENT	Entity.USER			None			
*	IntroWriterAgent	Entity.LLM	Entity.LLM			None			Hello user_2, I noticed you're both at the expo hall with some time to spare. As...bing a coffee and comparing your experiences at TechConf 2024? Best, [Your Name]
